surface,topo_length_m,map_length_m,covered_length_m,overlap_pct,buffer_dist_m,n_map_features,n_topo_features
TOP_ARV_merged_resampledoriginal,7936.620463107739,7621.2217519323185,2568.7939476275355,32.36634483869062,50.0,21,1
TOP_LOP_merged_resampled_original,28448.100112382705,12837.464569582171,4550.478270384645,15.99571940624584,50.0,28,1
TOP_RTZinf_merged_resampled_original,16816.93389966404,11305.732423888441,0.0,0.0,50.0,34,1
TOP_FMZ_merged_resampled_original,26592.034463698008,4975.709074283849,0.0,0.0,50.0,10,1
TOP_RTZsup_merged_resampledoriginal,12007.395041661708,14087.522783711853,0.0,0.0,50.0,53,1
TOP_OSV_merged_resampledoriginal,12368.480042403115,8748.495021603156,3063.28747460209,24.766886990965407,50.0,26,1
