surface,move_length_m,gis_length_m,overlap_pct_A_to_B,overlap_pct_B_to_A,overlap_pct_mean,buffer_dist_m,n_move_segments_merged,n_gis_segments_merged
TOP_ARV_merged_resampledoriginal,7936.620463107739,4903.300977899258,66.2793526604147,97.25480801620883,81.76708033831176,50.0,1,16
TOP_DPR_merged_resampledoriginal,19748.908266502538,4975.709074283848,29.94987695203902,100.0,64.9749384760195,50.0,1,10
TOP_LOP_merged_resampled_original,28448.100112382705,11305.732423888443,41.288206905263856,95.40293326968958,68.34557008747672,50.0,1,34
TOP_RTZinf_merged_resampled_original,16816.93389966404,14087.522783711855,81.53638633650712,90.69378073247033,86.11508353448872,50.0,1,53
TOP_FMZ_merged_resampled_original,26592.034463698008,12837.46456958217,50.1944022734949,95.8610879892534,73.02774513137416,50.0,1,28
TOP_RTZsup_merged_resampledoriginal,12007.395041661708,8748.49502160316,78.13667170794572,100.0,89.06833585397285,50.0,1,26
TOP_OSV_merged_resampledoriginal,12368.480042403115,7621.221751932317,72.99305699632593,97.77068364360642,85.38187031996617,50.0,1,21
