surface,topo_length_m,map_length_m,covered_length_m,overlap_pct_topo_in_map,overlap_pct_map_in_topo,mean_distance_m,median_distance_m,p95_distance_m,max_distance_m,buffer_dist_m,n_map_features,n_topo_features
TOP_ARV_merged_resampledoriginal,7936.620463107739,4903.300977899259,5260.340656660019,66.27935254195373,97.25480801620881,85.36409197771819,15.804907437267934,384.32586880282713,608.0641996865822,50.0,16,1
TOP_DPR_merged_resampledoriginal,19748.908266502538,4975.709074283849,5914.7737141922435,29.949876896358326,100.0,1660.764815408843,981.4227240571165,4146.4783180640015,4375.512429820681,50.0,10,1
TOP_LOP_merged_resampled_original,28448.100112382705,11305.732423888441,11745.71045276868,41.28820696766349,95.4029332696896,434.5010102601006,141.58077731128856,1671.595383823153,2036.5566185188195,50.0,34,1
TOP_RTZinf_merged_resampled_original,16816.93389966404,14087.522783711853,13711.920181016434,81.53638625701183,90.69378073247034,47.40323533551887,11.178650873721853,198.68122382165615,904.4544664144239,50.0,53,1
TOP_FMZ_merged_resampled_original,26592.034463698008,12837.464569582171,13347.713027273037,50.19440331086591,95.86108798925343,344.66487594152824,45.11171958256296,1285.8508286661863,1452.051151206448,50.0,28,1
TOP_RTZsup_merged_resampledoriginal,12007.395041661708,8748.495021603156,9382.178857525381,78.13667181742842,100.0,51.160372028887714,9.983495011090357,276.50010958918233,659.376740801461,50.0,26,1
TOP_OSV_merged_resampledoriginal,12368.480042403115,7621.2217519323185,9028.131736426822,72.99305739650703,97.77068364360639,60.113536926859744,15.700630567543465,415.8883609365651,622.6881609040665,50.0,21,1
