buffer_dist_m,model_total_length_m,map_total_length_m,overlap_model_in_map_pct,overlap_map_in_model_pct,mean_dist_model_to_map_m,median_dist_model_to_map_m,p95_dist_model_to_map_m
25,15097.625481640614,199.08423236131117,2.666327049040949,95.89977258406356,580.7255294171532,517.6812135659435,1184.203889796556
50,15097.625481640614,199.08423236131117,4.45038010843733,95.89977258406356,580.7255294171532,517.6812135659435,1184.203889796556
100,15097.625481640614,199.08423236131117,9.11879042661143,95.89977258406356,580.7255294171532,517.6812135659435,1184.203889796556
