surface,topo_length_m,map_length_m,covered_length_m,overlap_pct,buffer_dist_m,n_map_features,n_topo_features
TOP_ARV_merged_resampledoriginal,7933.893537568427,7619.679921831284,2567.7087736602025,32.36379164279978,50.0,21,11
TOP_LOP_merged_resampled_original,28429.019158981635,12835.13530509272,4547.764698065733,15.996910314188412,50.0,28,79
TOP_RTZinf_merged_resampled_original,16811.787239402194,11303.782356046653,0.0,0.0,50.0,34,18
TOP_FMZ_merged_resampled_original,26577.21614404094,4974.69837348659,0.0,0.0,50.0,10,39
TOP_RTZsup_merged_resampledoriginal,12000.134592777125,14086.656889772314,0.0,0.0,50.0,53,25
TOP_OSV_merged_resampledoriginal,12361.989337955769,8747.226108974226,3062.222600249478,24.771276827163646,50.0,26,44
