surface,topo_length_m,map_length_m,covered_length_m,overlap_pct_topo_in_map,overlap_pct_map_in_topo,mean_distance_m,median_distance_m,p95_distance_m,max_distance_m,buffer_dist_m,n_map_features,n_topo_features
TOP_RTZsup_merged_resampledsplit,12000.134592777125,8747.226108974226,9377.374643210096,78.1439122262373,100.0,53.16287613264621,9.853040024025283,305.9623970875849,659.376740801461,50.0,26,25
TOP_ARV_merged_resampled_split,7933.893537568427,4903.021385644573,5258.53654215106,66.27939380899093,97.2546399800031,90.50715974057498,17.596668742569594,377.72057021652734,608.0641996865822,50.0,16,11
TOP_DPR_merged_resampled_split,19738.52530158212,4974.69837348659,5911.652796489331,29.9498199899234,100.0,1721.1630642326932,1109.202080868724,4136.100951157956,4375.514497245679,50.0,10,15
TOP_FMZ_merged_resampled_split,26577.21614404094,12835.13530509272,13340.475145002007,50.19515615443105,95.86139212829084,350.1825994974935,48.11905657478329,1281.2844041119577,1452.0234121284932,50.0,28,39
TOP_LOP_merged_resampled_split,28429.019158981635,11303.782356046653,11739.64719465128,41.29459102686752,95.40051631572643,438.41731735683805,143.17444978784042,1688.9196715162457,2036.5587839911068,50.0,34,79
TOP_RTZinf_merged_resampled_split,16811.787239402194,14086.656889772314,13707.95587853618,81.53776682593573,90.69278558926256,49.74337881349543,10.946586270822277,225.8348827202173,904.4544664144239,50.0,53,18
TOP_OSV_merged_resampled_split,12361.989337955769,7619.679921831284,9023.384555106095,72.99298121380066,97.7714308293112,64.83019134496283,15.368660969512483,429.2443715214284,622.6881609040665,50.0,21,44
