buffer_dist_m,model_total_length_m,map_total_length_m,overlap_model_in_map_pct,overlap_map_in_model_pct,mean_dist_model_to_map_m,median_dist_model_to_map_m,p95_dist_model_to_map_m
25,15097.47370279054,199.08423236131117,2.666335284383319,95.89977258406356,575.1819421445298,511.90255724803626,1169.9398707198052
50,15097.47370279054,199.08423236131117,4.450350382145465,95.89977258406356,575.1819421445298,511.90255724803626,1169.9398707198052
100,15097.47370279054,199.08423236131117,9.11874985887653,95.89977258406356,575.1819421445298,511.90255724803626,1169.9398707198052
